,Mutant ID, Mutant Name
0,1,"EGFR [1-18,20-1210,C797S]"
1,2,"EGFR [1-18,20-1210,T790M,C797S]"
2,3,"EGFR [1-18,20-1210,T790M]"
3,4,"EGFR [1-18,20-1210]"
4,5,"EGFR [1-769,'ASV',770-1210]"
5,6,"EGFR [1-773,'NPH',774-1210]"
6,7,"EGFR [L858R,C797S]"
7,8,"EGFR [L858R,T790M,C797S]"
8,9,EGFR [L858R]
9,10,"EGFR [T790M,L858R]"
10,11,"EGFR [668-1210,T790M,L858R]"
11,12,"EGFR [1-746,750-1210,A750P]"
12,13,"EGFR [1-746,753-1210,P753S]"
13,14,"EGFR [1-751,75360-1210]"
14,15,EGFR [1-973]
15,16,EGFR [G719C]
16,17,EGFR [G719S]
17,18,EGFR [L861Q]
18,19,EGFR [T790M]
